{
  "prepare_queue": {
    "installed": [],
    "uninstalled": []
  },
  "config_munge": {
    "files": {
      "AndroidManifest.xml": {
        "parents": {
          "/manifest/application": [
            {
              "xml": "<activity android:configChanges=\"keyboard|keyboardHidden|orientation|screenLayout|uiMode|screenSize|smallestScreenSize\" android:excludeFromRecents=\"true\" android:name=\"com.google.android.gms.ads.AdActivity\" android:noHistory=\"true\" />",
              "count": 1
            },
            {
              "xml": "<meta-data android:name=\"com.google.android.gms.ads.APPLICATION_ID\" android:value=\"ca-app-pub-0000000000000000~0000000000\" />",
              "count": 1
            },
            {
              "xml": "<meta-data android:name=\"com.google.android.gms.ads.DELAY_APP_MEASUREMENT_INIT\" android:value=\"true\" />",
              "count": 1
            },
            {
              "xml": "<activity android:clearTaskOnLaunch=\"true\" android:configChanges=\"orientation|keyboardHidden|screenSize\" android:exported=\"false\" android:name=\"com.google.zxing.client.android.CaptureActivity\" android:theme=\"@android:style/Theme.NoTitleBar.Fullscreen\" android:windowSoftInputMode=\"stateAlwaysHidden\" />",
              "count": 1
            },
            {
              "xml": "<activity android:label=\"Share\" android:name=\"com.google.zxing.client.android.encode.EncodeActivity\" />",
              "count": 1
            },
            {
              "xml": "<provider android:authorities=\"${applicationId}.sharing.provider\" android:exported=\"false\" android:grantUriPermissions=\"true\" android:name=\"nl.xservices.plugins.FileProvider\"><meta-data android:name=\"android.support.FILE_PROVIDER_PATHS\" android:resource=\"@xml/sharing_paths\" /></provider>",
              "count": 1
            },
            {
              "xml": "<provider android:authorities=\"${applicationId}.localnotifications.provider\" android:exported=\"false\" android:grantUriPermissions=\"true\" android:name=\"de.appplant.cordova.plugin.notification.util.AssetProvider\"><meta-data android:name=\"android.support.FILE_PROVIDER_PATHS\" android:resource=\"@xml/localnotification_provider_paths\" /></provider>",
              "count": 1
            },
            {
              "xml": "<receiver android:exported=\"false\" android:name=\"de.appplant.cordova.plugin.localnotification.TriggerReceiver\" />",
              "count": 1
            },
            {
              "xml": "<receiver android:exported=\"false\" android:name=\"de.appplant.cordova.plugin.localnotification.ClearReceiver\" />",
              "count": 1
            },
            {
              "xml": "<service android:exported=\"false\" android:name=\"de.appplant.cordova.plugin.localnotification.ClickReceiver\" />",
              "count": 1
            },
            {
              "xml": "<receiver android:directBootAware=\"true\" android:exported=\"false\" android:name=\"de.appplant.cordova.plugin.localnotification.RestoreReceiver\"><intent-filter><action android:name=\"android.intent.action.LOCKED_BOOT_COMPLETED\" /><action android:name=\"android.intent.action.BOOT_COMPLETED\" /></intent-filter></receiver>",
              "count": 1
            },
            {
              "xml": "<service android:name=\"com.xtraball.musiccontrols.MusicControlsNotificationKiller\" />",
              "count": 1
            },
            {
              "xml": "<service android:exported=\"false\" android:label=\"@string/app_name\" android:name=\"com.cowbell.cordova.geofence.ReceiveTransitionsIntentService\"></service>",
              "count": 1
            },
            {
              "xml": "<receiver android:exported=\"true\" android:name=\"com.cowbell.cordova.geofence.BootReceiver\"><intent-filter><action android:name=\"android.intent.action.BOOT_COMPLETED\" /></intent-filter></receiver>",
              "count": 1
            },
            {
              "xml": "<receiver android:exported=\"true\" android:name=\"com.cowbell.cordova.geofence.TransitionReceiver\"><intent-filter><action android:name=\"com.cowbell.cordova.geofence.TRANSITION\" /></intent-filter></receiver>",
              "count": 1
            },
            {
              "xml": "<receiver android:enabled=\"true\" android:exported=\"true\" android:name=\"com.sunmi.trans.PrinterStatusReceiver\"><intent-filter android:priority=\"1000\"><action android:name=\"woyou.aidlservice.jiuv5.OUT_OF_PAPER_ACTION\" /><action android:name=\"woyou.aidlservice.jiuv5.ERROR_ACTION\" /><action android:name=\"woyou.aidlservice.jiuv5.NORMAL_ACTION\" /><action android:name=\"woyou.aidlservice.jiuv5.COVER_OPEN_ACTION\" /><action android:name=\"woyou.aidlservice.jiuv5.COVER_ERROR_ACTION\" /><action android:name=\"woyou.aidlservice.jiuv5.KNIFE_ERROR_ACTION_1\" /><action android:name=\"woyou.aidlservice.jiuv5.KNIFE_ERROR_ACTION_2\" /><action android:name=\"woyou.aidlservice.jiuv5.OVER_HEATING_ACITON\" /><action android:name=\"woyou.aidlservice.jiuv5.FIRMWARE_UPDATING_ACITON\" /></intent-filter></receiver>",
              "count": 1
            },
            {
              "xml": "<service android:exported=\"true\" android:name=\"woyou.aidlservice.jiuiv5.IWoyouService\"><intent-filter><action android:name=\"woyou.aidlservice.jiuiv5.IWoyouService\" /></intent-filter></service>",
              "count": 1
            },
            {
              "xml": "<activity android:exported=\"true\" android:name=\"com.adobe.phonegap.push.PushHandlerActivity\" android:permission=\"${applicationId}.permission.PushHandlerActivity\" />",
              "count": 1
            },
            {
              "xml": "<activity android:exported=\"true\" android:name=\"com.adobe.phonegap.push.BackgroundHandlerActivity\" android:permission=\"${applicationId}.permission.BackgroundHandlerActivity\"><intent-filter><action android:name=\"com.adobe.phonegap.push.background.MESSAGING_EVENT\" /><category android:name=\"android.intent.category.DEFAULT\" /></intent-filter></activity>",
              "count": 1
            },
            {
              "xml": "<receiver android:name=\"com.adobe.phonegap.push.BackgroundActionButtonHandler\" />",
              "count": 1
            },
            {
              "xml": "<receiver android:name=\"com.adobe.phonegap.push.PushDismissedHandler\" />",
              "count": 1
            },
            {
              "xml": "<service android:exported=\"true\" android:name=\"com.adobe.phonegap.push.FCMService\"><intent-filter><action android:name=\"com.google.firebase.MESSAGING_EVENT\" /></intent-filter></service>",
              "count": 1
            },
            {
              "xml": "<service android:exported=\"true\" android:name=\"com.adobe.phonegap.push.PushInstanceIDListenerService\"><intent-filter><action android:name=\"com.google.firebase.INSTANCE_ID_EVENT\" /></intent-filter></service>",
              "count": 1
            },
            {
              "xml": "<activity android:configChanges=\"orientation|keyboardHidden|keyboard|screenSize|locale\" android:exported=\"true\" android:label=\"@string/activity_name\" android:launchMode=\"standard\" android:name=\"com.webview.WebViewActivity\" android:theme=\"@style/Theme.AppCompat.NoActionBar\" android:windowSoftInputMode=\"adjustResize\"></activity>",
              "count": 1
            }
          ],
          "/manifest": [
            {
              "xml": "<uses-permission android:name=\"android.permission.CAMERA\" />",
              "count": 1
            },
            {
              "xml": "<uses-permission android:name=\"android.permission.FLASHLIGHT\" />",
              "count": 1
            },
            {
              "xml": "<uses-feature android:name=\"android.hardware.camera\" android:required=\"true\" />",
              "count": 1
            },
            {
              "xml": "<uses-permission android:name=\"android.permission.ACCESS_NOTIFICATION_POLICY\" />",
              "count": 1
            },
            {
              "xml": "<uses-permission android:name=\"android.permission.RECEIVE_BOOT_COMPLETED\" />",
              "count": 2
            },
            {
              "xml": "<uses-permission android:name=\"android.permission.WAKE_LOCK\" />",
              "count": 2
            },
            {
              "xml": "<uses-permission android:name=\"android.permission.ACCESS_COARSE_LOCATION\" />",
              "count": 1
            },
            {
              "xml": "<uses-permission android:name=\"android.permission.ACCESS_FINE_LOCATION\" />",
              "count": 1
            },
            {
              "xml": "<uses-permission android:name=\"android.permission.VIBRATE\" />",
              "count": 2
            },
            {
              "xml": "<uses-permission android:name=\"android.permission.INTERNET\" />",
              "count": 2
            },
            {
              "xml": "<uses-permission android:name=\"android.permission.ACCESS_NETWORK_STATE\" />",
              "count": 1
            }
          ],
          "/*": [
            {
              "xml": "<uses-permission android:name=\"android.permission.WRITE_EXTERNAL_STORAGE\" />",
              "count": 4
            },
            {
              "xml": "<uses-permission android:name=\"android.permission.ACCESS_COARSE_LOCATION\" />",
              "count": 1
            },
            {
              "xml": "<uses-permission android:name=\"android.permission.ACCESS_FINE_LOCATION\" />",
              "count": 1
            },
            {
              "xml": "<uses-feature android:name=\"android.hardware.location.gps\" android:required=\"false\" />",
              "count": 1
            },
            {
              "xml": "<uses-permission android:name=\"android.permission.READ_EXTERNAL_STORAGE\" />",
              "count": 1
            },
            {
              "xml": "<uses-permission android:name=\"android.permission.WAKE_LOCK\" />",
              "count": 1
            },
            {
              "xml": "<uses-permission android:name=\"android.permission.FOREGROUND_SERVICE\" />",
              "count": 1
            },
            {
              "xml": "<uses-permission android:name=\"android.permission.REQUEST_IGNORE_BATTERY_OPTIMIZATIONS\" />",
              "count": 1
            },
            {
              "xml": "<uses-permission android:name=\"android.permission.RECORD_AUDIO\" />",
              "count": 1
            },
            {
              "xml": "<uses-permission android:name=\"android.permission.MODIFY_AUDIO_SETTINGS\" />",
              "count": 1
            },
            {
              "xml": "<uses-permission android:name=\"android.permission.READ_PHONE_STATE\" />",
              "count": 1
            },
            {
              "xml": "<uses-permission android:name=\"com.android.vending.BILLING\" />",
              "count": 1
            }
          ],
          "application": [
            {
              "xml": "<provider android:authorities=\"${applicationId}.provider\" android:exported=\"false\" android:grantUriPermissions=\"true\" android:name=\"org.apache.cordova.camera.FileProvider\"><meta-data android:name=\"android.support.FILE_PROVIDER_PATHS\" android:resource=\"@xml/camera_provider_paths\" /></provider>",
              "count": 1
            }
          ],
          "/*/application": [
            {
              "xml": "<receiver android:enabled=\"true\" android:exported=\"true\" android:name=\"nl.xservices.plugins.ShareChooserPendingIntent\"><intent-filter><action android:name=\"android.intent.action.SEND\" /></intent-filter></receiver>",
              "count": 1
            }
          ]
        }
      },
      "res/xml/config.xml": {
        "parents": {
          "/*": [
            {
              "xml": "<feature name=\"AdMob\"><param name=\"android-package\" value=\"admob.plus.cordova.AdMob\" /></feature>",
              "count": 1
            },
            {
              "xml": "<preference name=\"APP_ID_ANDROID\" value=\"ca-app-pub-0000000000000000~0000000000\" />",
              "count": 1
            },
            {
              "xml": "<feature name=\"BarcodeScanner\"><param name=\"android-package\" value=\"com.phonegap.plugins.barcodescanner.BarcodeScanner\" /></feature>",
              "count": 1
            },
            {
              "xml": "<feature name=\"BrowserTab\"><param name=\"android-package\" value=\"com.google.cordova.plugin.browsertab.BrowserTab\" /></feature>",
              "count": 1
            },
            {
              "xml": "<feature name=\"Camera\"><param name=\"android-package\" value=\"org.apache.cordova.camera.CameraLauncher\" /></feature>",
              "count": 1
            },
            {
              "xml": "<feature name=\"File\"><param name=\"android-package\" value=\"org.apache.cordova.file.FileUtils\" /><param name=\"onload\" value=\"true\" /></feature>",
              "count": 1
            },
            {
              "xml": "<allow-navigation href=\"cdvfile:*\" />",
              "count": 1
            },
            {
              "xml": "<feature name=\"InAppBrowser\"><param name=\"android-package\" value=\"org.apache.cordova.inappbrowser.InAppBrowser\" /></feature>",
              "count": 1
            },
            {
              "xml": "<feature name=\"LocalNotification\"><param name=\"android-package\" value=\"de.appplant.cordova.plugin.localnotification.LocalNotification\" /></feature>",
              "count": 1
            },
            {
              "xml": "<feature name=\"MediaNative\"><param name=\"android-package\" value=\"org.apache.cordova.media.AudioHandler\" /></feature>",
              "count": 1
            },
            {
              "xml": "<feature name=\"Navigator\"><param name=\"android-package\" value=\"com.xtraball.cordova.plugin.Navigator\" /></feature>",
              "count": 1
            },
            {
              "xml": "<feature name=\"Permissions\"><param name=\"android-package\" value=\"com.android.plugins.Permissions\" /></feature>",
              "count": 1
            },
            {
              "xml": "<feature name=\"Toast\"><param name=\"android-package\" value=\"nl.xservices.plugins.Toast\" /></feature>",
              "count": 1
            },
            {
              "xml": "<feature name=\"InAppBillingPlugin\"><param name=\"android-package\" value=\"cc.fovea.PurchasePlugin\" /></feature>",
              "count": 1
            },
            {
              "xml": "<feature name=\"Printer\"><param name=\"android-package\" value=\"com.sunmi.trans.Printer\" /><param name=\"onload\" value=\"true\" /></feature>",
              "count": 1
            }
          ]
        }
      },
      "config.xml": {
        "parents": {
          "/*": [
            {
              "xml": "<feature name=\"AppVersion\"><param name=\"android-package\" value=\"uk.co.whiteoctober.cordova.AppVersion\" /></feature>",
              "count": 1
            },
            {
              "xml": "<feature name=\"Badge\"><param name=\"android-package\" value=\"de.appplant.cordova.plugin.badge.Badge\" /></feature>",
              "count": 1
            },
            {
              "xml": "<feature name=\"Clipboard\"><param name=\"android-package\" value=\"com.verso.cordova.clipboard.Clipboard\" /></feature>",
              "count": 1
            },
            {
              "xml": "<feature name=\"Device\"><param name=\"android-package\" value=\"org.apache.cordova.device.Device\" /></feature>",
              "count": 1
            },
            {
              "xml": "<feature name=\"Geolocation\"><param name=\"android-package\" value=\"org.apache.cordova.geolocation.Geolocation\" /></feature>",
              "count": 1
            },
            {
              "xml": "<feature name=\"CDVIonicKeyboard\"><param name=\"android-package\" onload=\"true\" value=\"io.ionic.keyboard.CDVIonicKeyboard\" /></feature>",
              "count": 1
            },
            {
              "xml": "<feature name=\"SocialSharing\"><param name=\"android-package\" value=\"nl.xservices.plugins.SocialSharing\" /></feature>",
              "count": 1
            },
            {
              "xml": "<feature name=\"StatusBar\"><param name=\"android-package\" value=\"org.apache.cordova.statusbar.StatusBar\" /><param name=\"onload\" value=\"true\" /></feature>",
              "count": 1
            },
            {
              "xml": "<feature name=\"Insomnia\"><param name=\"android-package\" value=\"nl.xservices.plugins.Insomnia\" /></feature>",
              "count": 1
            },
            {
              "xml": "<feature name=\"MusicControls\"><param name=\"android-package\" value=\"com.xtraball.musiccontrols.MusicControls\" /></feature>",
              "count": 1
            },
            {
              "xml": "<feature name=\"GeofencePlugin\"><param name=\"android-package\" value=\"com.cowbell.cordova.geofence.GeofencePlugin\" /></feature>",
              "count": 1
            },
            {
              "xml": "<allow-navigation href=\"http://localhost/*\" />",
              "count": 1
            },
            {
              "xml": "<allow-navigation href=\"https://localhost/*\" />",
              "count": 1
            },
            {
              "xml": "<allow-navigation href=\"ionic://*\" />",
              "count": 1
            },
            {
              "xml": "<preference name=\"webView\" value=\"com.ionicframework.cordova.webview.IonicWebViewEngine\" />",
              "count": 1
            },
            {
              "xml": "<feature name=\"IonicWebView\"><param name=\"android-package\" value=\"com.ionicframework.cordova.webview.IonicWebView\" /></feature>",
              "count": 1
            },
            {
              "xml": "<feature name=\"SplashScreen\"><param name=\"android-package\" value=\"org.apache.cordova.splashscreen.SplashScreen\" /><param name=\"onload\" value=\"true\" /></feature>",
              "count": 1
            },
            {
              "xml": "<feature name=\"PushNotification\"><param name=\"android-package\" value=\"com.adobe.phonegap.push.PushPlugin\" /></feature>",
              "count": 1
            },
            {
              "xml": "<feature name=\"WebViewPlugin\"><param name=\"android-package\" value=\"com.webview.WebViewPlugin\" /></feature>",
              "count": 1
            }
          ]
        }
      }
    }
  },
  "installed_plugins": {
    "Promises": {
      "PACKAGE_NAME": "com.appsmobilecompany.base"
    },
    "Admob": {
      "PACKAGE_NAME": "com.appsmobilecompany.base"
    },
    "AppVersion": {
      "PACKAGE_NAME": "com.appsmobilecompany.base"
    },
    "Badge": {
      "PACKAGE_NAME": "com.appsmobilecompany.base"
    },
    "BarcodeScanner": {
      "PACKAGE_NAME": "com.appsmobilecompany.base"
    },
    "BrowserTab": {
      "PACKAGE_NAME": "com.appsmobilecompany.base"
    },
    "Camera": {
      "PACKAGE_NAME": "com.appsmobilecompany.base"
    },
    "Clipboard": {
      "PACKAGE_NAME": "com.appsmobilecompany.base"
    },
    "Device": {
      "PACKAGE_NAME": "com.appsmobilecompany.base"
    },
    "File": {
      "PACKAGE_NAME": "com.appsmobilecompany.base"
    },
    "Geolocation": {
      "PACKAGE_NAME": "com.appsmobilecompany.base"
    },
    "InAppBrowser": {
      "PACKAGE_NAME": "com.appsmobilecompany.base"
    },
    "Keyboard": {
      "PACKAGE_NAME": "com.appsmobilecompany.base"
    },
    "SocialSharing": {
      "PACKAGE_NAME": "com.appsmobilecompany.base"
    },
    "StatusBar": {
      "PACKAGE_NAME": "com.appsmobilecompany.base"
    },
    "LocalNotification": {
      "PACKAGE_NAME": "com.appsmobilecompany.base"
    },
    "Insomnia": {
      "PACKAGE_NAME": "com.appsmobilecompany.base"
    },
    "MusicControls": {
      "PACKAGE_NAME": "com.appsmobilecompany.base"
    },
    "MediaNative": {
      "PACKAGE_NAME": "com.appsmobilecompany.base"
    },
    "Navigator": {
      "PACKAGE_NAME": "com.appsmobilecompany.base"
    },
    "Permissions": {
      "PACKAGE_NAME": "com.appsmobilecompany.base"
    },
    "CorePlugin": {
      "PACKAGE_NAME": "com.appsmobilecompany.base"
    },
    "Toast": {
      "PACKAGE_NAME": "com.appsmobilecompany.base"
    },
    "Geofence": {
      "PACKAGE_NAME": "com.appsmobilecompany.base"
    },
    "InAppPurchase": {
      "PACKAGE_NAME": "com.appsmobilecompany.base"
    },
    "IonicWebview": {
      "PACKAGE_NAME": "com.appsmobilecompany.base"
    },
    "SplashScreen": {
      "PACKAGE_NAME": "com.appsmobilecompany.base"
    },
    "SunmiPrinter": {
      "PACKAGE_NAME": "com.appsmobilecompany.base"
    },
    "Push": {
      "PACKAGE_NAME": "com.appsmobilecompany.base"
    },
    "Mediation": {
      "PACKAGE_NAME": "com.appsmobilecompany.base"
    },
    "WebView": {
      "PACKAGE_NAME": "com.appsmobilecompany.base"
    }
  },
  "dependent_plugins": {},
  "modules": [
    {
      "id": "Promises.Promise",
      "file": "plugins/Promises/www/promise.js",
      "pluginId": "Promises",
      "runs": true
    },
    {
      "id": "Admob.AdMob",
      "file": "plugins/Admob/www/admob.js",
      "pluginId": "Admob",
      "clobbers": [
        "admob"
      ]
    },
    {
      "id": "AppVersion.AppVersionPlugin",
      "file": "plugins/AppVersion/www/AppVersionPlugin.js",
      "pluginId": "AppVersion",
      "clobbers": [
        "cordova.getAppVersion"
      ]
    },
    {
      "id": "Badge.Badge",
      "file": "plugins/Badge/www/badge.js",
      "pluginId": "Badge",
      "clobbers": [
        "cordova.plugins.notification.badge"
      ]
    },
    {
      "id": "BarcodeScanner.BarcodeScanner",
      "file": "plugins/BarcodeScanner/www/barcodescanner.js",
      "pluginId": "BarcodeScanner",
      "clobbers": [
        "cordova.plugins.barcodeScanner"
      ]
    },
    {
      "id": "BrowserTab.BrowserTab",
      "file": "plugins/BrowserTab/www/browsertab.js",
      "pluginId": "BrowserTab",
      "clobbers": [
        "cordova.plugins.browsertab"
      ]
    },
    {
      "id": "Camera.Camera",
      "file": "plugins/Camera/www/CameraConstants.js",
      "pluginId": "Camera",
      "clobbers": [
        "Camera"
      ]
    },
    {
      "id": "Camera.CameraPopoverOptions",
      "file": "plugins/Camera/www/CameraPopoverOptions.js",
      "pluginId": "Camera",
      "clobbers": [
        "CameraPopoverOptions"
      ]
    },
    {
      "id": "Camera.camera",
      "file": "plugins/Camera/www/Camera.js",
      "pluginId": "Camera",
      "clobbers": [
        "navigator.camera"
      ]
    },
    {
      "id": "Camera.CameraPopoverHandle",
      "file": "plugins/Camera/www/CameraPopoverHandle.js",
      "pluginId": "Camera",
      "clobbers": [
        "CameraPopoverHandle"
      ]
    },
    {
      "id": "Clipboard.Clipboard",
      "file": "plugins/Clipboard/www/clipboard.js",
      "pluginId": "Clipboard",
      "clobbers": [
        "cordova.plugins.clipboard"
      ]
    },
    {
      "id": "Device.device",
      "file": "plugins/Device/www/device.js",
      "pluginId": "Device",
      "clobbers": [
        "device"
      ]
    },
    {
      "id": "File.DirectoryEntry",
      "file": "plugins/File/www/DirectoryEntry.js",
      "pluginId": "File",
      "clobbers": [
        "window.DirectoryEntry"
      ]
    },
    {
      "id": "File.DirectoryReader",
      "file": "plugins/File/www/DirectoryReader.js",
      "pluginId": "File",
      "clobbers": [
        "window.DirectoryReader"
      ]
    },
    {
      "id": "File.Entry",
      "file": "plugins/File/www/Entry.js",
      "pluginId": "File",
      "clobbers": [
        "window.Entry"
      ]
    },
    {
      "id": "File.File",
      "file": "plugins/File/www/File.js",
      "pluginId": "File",
      "clobbers": [
        "window.File"
      ]
    },
    {
      "id": "File.FileEntry",
      "file": "plugins/File/www/FileEntry.js",
      "pluginId": "File",
      "clobbers": [
        "window.FileEntry"
      ]
    },
    {
      "id": "File.FileError",
      "file": "plugins/File/www/FileError.js",
      "pluginId": "File",
      "clobbers": [
        "window.FileError"
      ]
    },
    {
      "id": "File.FileReader",
      "file": "plugins/File/www/FileReader.js",
      "pluginId": "File",
      "clobbers": [
        "window.FileReader"
      ]
    },
    {
      "id": "File.FileSystem",
      "file": "plugins/File/www/FileSystem.js",
      "pluginId": "File",
      "clobbers": [
        "window.FileSystem"
      ]
    },
    {
      "id": "File.FileUploadOptions",
      "file": "plugins/File/www/FileUploadOptions.js",
      "pluginId": "File",
      "clobbers": [
        "window.FileUploadOptions"
      ]
    },
    {
      "id": "File.FileUploadResult",
      "file": "plugins/File/www/FileUploadResult.js",
      "pluginId": "File",
      "clobbers": [
        "window.FileUploadResult"
      ]
    },
    {
      "id": "File.FileWriter",
      "file": "plugins/File/www/FileWriter.js",
      "pluginId": "File",
      "clobbers": [
        "window.FileWriter"
      ]
    },
    {
      "id": "File.Flags",
      "file": "plugins/File/www/Flags.js",
      "pluginId": "File",
      "clobbers": [
        "window.Flags"
      ]
    },
    {
      "id": "File.LocalFileSystem",
      "file": "plugins/File/www/LocalFileSystem.js",
      "pluginId": "File",
      "clobbers": [
        "window.LocalFileSystem"
      ],
      "merges": [
        "window"
      ]
    },
    {
      "id": "File.Metadata",
      "file": "plugins/File/www/Metadata.js",
      "pluginId": "File",
      "clobbers": [
        "window.Metadata"
      ]
    },
    {
      "id": "File.ProgressEvent",
      "file": "plugins/File/www/ProgressEvent.js",
      "pluginId": "File",
      "clobbers": [
        "window.ProgressEvent"
      ]
    },
    {
      "id": "File.fileSystems",
      "file": "plugins/File/www/fileSystems.js",
      "pluginId": "File"
    },
    {
      "id": "File.requestFileSystem",
      "file": "plugins/File/www/requestFileSystem.js",
      "pluginId": "File",
      "clobbers": [
        "window.requestFileSystem"
      ]
    },
    {
      "id": "File.resolveLocalFileSystemURI",
      "file": "plugins/File/www/resolveLocalFileSystemURI.js",
      "pluginId": "File",
      "merges": [
        "window"
      ]
    },
    {
      "id": "File.isChrome",
      "file": "plugins/File/www/browser/isChrome.js",
      "pluginId": "File",
      "runs": true
    },
    {
      "id": "File.androidFileSystem",
      "file": "plugins/File/www/android/FileSystem.js",
      "pluginId": "File",
      "merges": [
        "FileSystem"
      ]
    },
    {
      "id": "File.fileSystems-roots",
      "file": "plugins/File/www/fileSystems-roots.js",
      "pluginId": "File",
      "runs": true
    },
    {
      "id": "File.fileSystemPaths",
      "file": "plugins/File/www/fileSystemPaths.js",
      "pluginId": "File",
      "merges": [
        "cordova"
      ],
      "runs": true
    },
    {
      "id": "Geolocation.geolocation",
      "file": "plugins/Geolocation/www/android/geolocation.js",
      "pluginId": "Geolocation",
      "clobbers": [
        "navigator.geolocation"
      ]
    },
    {
      "id": "Geolocation.PositionError",
      "file": "plugins/Geolocation/www/PositionError.js",
      "pluginId": "Geolocation",
      "runs": true
    },
    {
      "id": "InAppBrowser.inappbrowser",
      "file": "plugins/InAppBrowser/www/inappbrowser.js",
      "pluginId": "InAppBrowser",
      "clobbers": [
        "cordova.InAppBrowser.open",
        "window.open"
      ]
    },
    {
      "id": "Keyboard.keyboard",
      "file": "plugins/Keyboard/www/android/keyboard.js",
      "pluginId": "Keyboard",
      "clobbers": [
        "window.Keyboard"
      ]
    },
    {
      "id": "SocialSharing.SocialSharing",
      "file": "plugins/SocialSharing/www/SocialSharing.js",
      "pluginId": "SocialSharing",
      "clobbers": [
        "window.plugins.socialsharing"
      ]
    },
    {
      "id": "StatusBar.statusbar",
      "file": "plugins/StatusBar/www/statusbar.js",
      "pluginId": "StatusBar",
      "clobbers": [
        "window.StatusBar"
      ]
    },
    {
      "id": "LocalNotification.LocalNotification",
      "file": "plugins/LocalNotification/www/local-notification.js",
      "pluginId": "LocalNotification",
      "clobbers": [
        "cordova.plugins.notification.local"
      ]
    },
    {
      "id": "Insomnia.Insomnia",
      "file": "plugins/Insomnia/www/Insomnia.js",
      "pluginId": "Insomnia",
      "clobbers": [
        "window.plugins.insomnia"
      ]
    },
    {
      "id": "MusicControls.MusicControls",
      "file": "plugins/MusicControls/www/MusicControls.js",
      "pluginId": "MusicControls",
      "clobbers": [
        "MusicControls"
      ]
    },
    {
      "id": "MediaNative.MediaError",
      "file": "plugins/MediaNative/www/MediaError.js",
      "pluginId": "MediaNative",
      "clobbers": [
        "MediaError"
      ]
    },
    {
      "id": "MediaNative.MediaNative",
      "file": "plugins/MediaNative/www/Media.js",
      "pluginId": "MediaNative",
      "clobbers": [
        "MediaNative"
      ]
    },
    {
      "id": "Navigator.Navigator",
      "file": "plugins/Navigator/www/navigator.js",
      "pluginId": "Navigator",
      "clobbers": [
        "Navigator"
      ]
    },
    {
      "id": "Permissions.Permissions",
      "file": "plugins/Permissions/www/permissions.js",
      "pluginId": "Permissions",
      "clobbers": [
        "cordova.plugins.permissions"
      ]
    },
    {
      "id": "CorePlugin.CorePlugin",
      "file": "plugins/CorePlugin/www/CorePlugin.js",
      "pluginId": "CorePlugin",
      "clobbers": [
        "cordova.plugins.CorePlugin"
      ]
    },
    {
      "id": "Toast.Toast",
      "file": "plugins/Toast/www/Toast.js",
      "pluginId": "Toast",
      "clobbers": [
        "window.plugins.toast"
      ]
    },
    {
      "id": "Geofence.TransitionType",
      "file": "plugins/Geofence/www/TransitionType.js",
      "pluginId": "Geofence",
      "clobbers": [
        "TransitionType"
      ]
    },
    {
      "id": "Geofence.geofence",
      "file": "plugins/Geofence/www/geofence.js",
      "pluginId": "Geofence",
      "clobbers": [
        "geofence"
      ]
    },
    {
      "id": "InAppPurchase.InAppBillingPlugin",
      "file": "plugins/InAppPurchase/www/store-android.js",
      "pluginId": "InAppPurchase",
      "clobbers": [
        "store"
      ]
    },
    {
      "id": "IonicWebview.IonicWebView",
      "file": "plugins/IonicWebview/src/www/util.js",
      "pluginId": "IonicWebview",
      "clobbers": [
        "Ionic.WebView"
      ]
    },
    {
      "id": "SplashScreen.SplashScreen",
      "file": "plugins/SplashScreen/www/splashscreen.js",
      "pluginId": "SplashScreen",
      "clobbers": [
        "navigator.splashscreen"
      ]
    },
    {
      "id": "SunmiPrinter.InnerPrinter",
      "file": "plugins/SunmiPrinter/www/innerprinter.js",
      "pluginId": "SunmiPrinter",
      "clobbers": [
        "sunmiInnerPrinter"
      ]
    },
    {
      "id": "Push.PushNotification",
      "file": "plugins/Push/www/push.js",
      "pluginId": "Push",
      "clobbers": [
        "PushNotification"
      ]
    },
    {
      "id": "WebView.webview",
      "file": "plugins/WebView/www/webViewPlugin.js",
      "pluginId": "WebView",
      "clobbers": [
        "window.webview"
      ]
    }
  ],
  "plugin_metadata": {
    "Promises": "4.2.2",
    "Admob": "0.0.0",
    "AppVersion": "0.1.8",
    "Badge": "0.8.8",
    "BarcodeScanner": "7.1.2",
    "BrowserTab": "0.2.1",
    "Camera": "4.0.3",
    "Clipboard": "0.1.0",
    "Device": "2.0.2",
    "File": "6.0.2",
    "Geolocation": "4.0.1",
    "InAppBrowser": "4.1.0",
    "Keyboard": "2.2.0",
    "SocialSharing": "5.6.4",
    "StatusBar": "2.4.1",
    "LocalNotification": "0.9.0-beta.4",
    "Insomnia": "4.3.0",
    "MusicControls": "3.0.4",
    "MediaNative": "5.0.3",
    "Navigator": "0.1.0",
    "Permissions": "1.0.0",
    "CorePlugin": "1.1.0",
    "Toast": "2.7.2",
    "Geofence": "0.6.0",
    "InAppPurchase": "11.0.0",
    "IonicWebview": "4.0.1",
    "SplashScreen": "5.0.2",
    "SunmiPrinter": "1.0.3",
    "Push": "1.10.0",
    "Mediation": "1.0.0",
    "WebView": "1.0.0"
  }
}
